call_id,date,pod,account,platform,call_end,recorded,recap_posted_at,posted_by
c001,2026-09-01,South,harbor-hound,meet,2026-09-01 10:00,yes,2026-09-01 10:49,agent
c002,2026-09-01,North,fernhill-botanicals,meet,2026-09-01 10:20,yes,2026-09-01 10:42,AM
c003,2026-09-01,South,maple-mornings,meet,2026-09-01 11:25,yes,2026-09-01 12:39,agent
c004,2026-09-01,West,sunday-scoop,whatsapp,2026-09-01 11:25,no,,
c005,2026-09-01,North,oak-and-ember,meet,2026-09-01 13:10,yes,2026-09-01 13:32,AM
c006,2026-09-01,North,quill-coffee,meet,2026-09-01 14:10,yes,2026-09-01 14:31,AM
c007,2026-09-01,East,umber-skin,meet,2026-09-01 14:25,yes,2026-09-01 15:48,agent
c008,2026-09-01,West,coral-cove-swim,whatsapp,2026-09-01 15:10,no,,
c009,2026-09-01,East,willow-baby,meet,2026-09-01 16:05,yes,2026-09-01 17:04,agent
c010,2026-09-01,South,maple-mornings,meet,2026-09-01 16:20,yes,2026-09-01 17:43,agent
c011,2026-09-02,East,umber-skin,meet,2026-09-02 09:45,yes,2026-09-02 10:53,agent
c012,2026-09-02,North,fernhill-botanicals,meet,2026-09-02 10:45,yes,2026-09-02 10:58,AM
c013,2026-09-02,South,maple-mornings,meet,2026-09-02 11:20,yes,2026-09-02 12:40,agent
c014,2026-09-02,East,saltwater-swim,meet,2026-09-02 11:25,yes,2026-09-02 12:17,agent
c015,2026-09-02,South,harbor-hound,meet,2026-09-02 12:50,yes,2026-09-02 14:05,agent
c016,2026-09-02,West,coral-cove-swim,whatsapp,2026-09-02 12:55,no,,
c017,2026-09-02,North,quill-coffee,meet,2026-09-02 14:35,yes,2026-09-02 14:44,AM
c018,2026-09-02,West,coral-cove-swim,whatsapp,2026-09-02 15:30,no,,
c019,2026-09-03,South,harbor-hound,meet,2026-09-03 09:25,yes,2026-09-03 10:16,agent
c020,2026-09-03,South,juniper-home,meet,2026-09-03 09:45,yes,2026-09-03 11:00,agent
c021,2026-09-03,North,palm-street-tea,phone,2026-09-03 10:20,no,,
c022,2026-09-03,East,saltwater-swim,meet,2026-09-03 10:30,yes,2026-09-03 11:27,agent
c023,2026-09-03,North,fernhill-botanicals,meet,2026-09-03 10:55,yes,2026-09-03 11:14,AM
c024,2026-09-03,South,kettle-and-crumb,meet,2026-09-03 11:00,yes,2026-09-03 12:14,agent
c025,2026-09-03,West,nova-nutrition,whatsapp,2026-09-03 11:10,no,,
c026,2026-09-03,North,palm-street-tea,meet,2026-09-03 12:55,yes,2026-09-03 13:17,AM
c027,2026-09-03,East,saltwater-swim,meet,2026-09-03 13:10,yes,2026-09-03 13:56,agent
c028,2026-09-04,South,juniper-home,meet,2026-09-04 09:10,yes,2026-09-04 10:38,agent
c029,2026-09-04,West,loop-athletic,whatsapp,2026-09-04 10:10,no,,
c030,2026-09-04,East,tidepool-toys,meet,2026-09-04 10:35,yes,2026-09-04 11:50,agent
c031,2026-09-04,South,maple-mornings,meet,2026-09-04 13:10,yes,2026-09-04 14:36,agent
c032,2026-09-04,East,umber-skin,phone,2026-09-04 14:05,no,,
c033,2026-09-04,West,loop-athletic,whatsapp,2026-09-04 15:55,no,,
c034,2026-09-04,North,fernhill-botanicals,meet,2026-09-04 16:15,yes,2026-09-04 16:38,AM
c035,2026-09-04,North,oak-and-ember,meet,2026-09-04 16:30,yes,2026-09-04 17:28,agent
c036,2026-09-08,South,golden-hour-cosmetics,phone,2026-09-08 09:25,no,,
c037,2026-09-08,South,juniper-home,meet,2026-09-08 11:10,yes,2026-09-08 12:03,agent
c038,2026-09-08,North,ridgeway-outdoor,meet,2026-09-08 12:20,yes,2026-09-08 12:39,AM
c039,2026-09-08,West,nova-nutrition,whatsapp,2026-09-08 15:25,no,,
c040,2026-09-08,East,willow-baby,meet,2026-09-08 15:45,yes,2026-09-08 16:52,agent
c041,2026-09-08,West,coral-cove-swim,whatsapp,2026-09-08 16:10,no,,
c042,2026-09-08,North,palm-street-tea,meet,2026-09-08 16:40,yes,2026-09-08 17:29,agent
c043,2026-09-09,South,juniper-home,phone,2026-09-09 09:35,no,,
c044,2026-09-09,East,tidepool-toys,meet,2026-09-09 10:05,yes,2026-09-09 11:00,agent
c045,2026-09-09,North,fernhill-botanicals,meet,2026-09-09 10:15,yes,2026-09-09 10:35,AM
c046,2026-09-09,North,fernhill-botanicals,meet,2026-09-09 11:25,yes,2026-09-09 11:46,AM
c047,2026-09-09,East,umber-skin,meet,2026-09-09 12:35,yes,2026-09-09 14:01,agent
c048,2026-09-09,North,oak-and-ember,meet,2026-09-09 12:40,yes,2026-09-09 12:52,AM
c049,2026-09-09,South,harbor-hound,meet,2026-09-09 14:15,yes,2026-09-09 15:01,agent
c050,2026-09-09,West,sunday-scoop,whatsapp,2026-09-09 16:40,no,,
c051,2026-09-10,East,umber-skin,meet,2026-09-10 09:10,yes,2026-09-10 10:09,agent
c052,2026-09-10,West,pinecrest-apparel,whatsapp,2026-09-10 09:20,no,,
c053,2026-09-10,East,saltwater-swim,meet,2026-09-10 09:25,yes,2026-09-10 10:20,agent
c054,2026-09-10,North,quill-coffee,meet,2026-09-10 10:30,yes,2026-09-10 10:44,AM
c055,2026-09-10,West,nova-nutrition,whatsapp,2026-09-10 10:35,no,,
c056,2026-09-10,South,juniper-home,meet,2026-09-10 13:30,yes,2026-09-10 14:22,agent
c057,2026-09-10,South,golden-hour-cosmetics,meet,2026-09-10 14:05,yes,2026-09-10 15:02,agent
c058,2026-09-10,North,fernhill-botanicals,meet,2026-09-10 14:25,yes,2026-09-10 14:34,AM
c059,2026-09-10,West,loop-athletic,meet,2026-09-10 15:20,yes,2026-09-10 16:11,agent
c060,2026-09-11,East,velvet-row,meet,2026-09-11 09:05,yes,2026-09-11 10:22,agent
c061,2026-09-11,West,nova-nutrition,meet,2026-09-11 10:50,yes,2026-09-11 11:46,agent
c062,2026-09-11,South,harbor-hound,meet,2026-09-11 11:25,yes,2026-09-11 12:41,agent
c063,2026-09-11,West,sunday-scoop,whatsapp,2026-09-11 12:10,no,,
c064,2026-09-11,South,juniper-home,meet,2026-09-11 12:35,yes,2026-09-11 13:51,agent
c065,2026-09-11,East,saltwater-swim,meet,2026-09-11 14:00,yes,2026-09-11 15:24,agent
c066,2026-09-11,North,ridgeway-outdoor,meet,2026-09-11 14:05,yes,2026-09-11 14:18,AM
c067,2026-09-11,North,fernhill-botanicals,meet,2026-09-11 15:10,yes,2026-09-11 16:23,agent
c068,2026-09-14,North,quill-coffee,meet,2026-09-14 09:15,yes,2026-09-14 09:30,AM
c069,2026-09-14,South,maple-mornings,meet,2026-09-14 09:20,yes,2026-09-14 10:05,agent
c070,2026-09-14,North,oak-and-ember,meet,2026-09-14 10:35,yes,2026-09-14 10:45,AM
c071,2026-09-14,South,harbor-hound,meet,2026-09-14 10:40,yes,2026-09-14 12:00,agent
c072,2026-09-14,West,loop-athletic,whatsapp,2026-09-14 11:25,no,,
c073,2026-09-14,South,harbor-hound,meet,2026-09-14 12:00,yes,2026-09-14 13:31,agent
c074,2026-09-14,North,oak-and-ember,meet,2026-09-14 12:50,yes,2026-09-14 13:05,AM
c075,2026-09-14,East,tidepool-toys,meet,2026-09-14 14:00,yes,2026-09-14 14:48,agent
c076,2026-09-15,East,velvet-row,meet,2026-09-15 09:00,yes,2026-09-15 09:18,AM
c077,2026-09-15,East,velvet-row,meet,2026-09-15 10:35,yes,2026-09-15 11:01,AM
c078,2026-09-15,West,sunday-scoop,whatsapp,2026-09-15 13:00,no,,
c079,2026-09-15,North,fernhill-botanicals,meet,2026-09-15 14:00,yes,2026-09-15 14:21,AM
c080,2026-09-15,North,palm-street-tea,meet,2026-09-15 14:20,yes,2026-09-15 15:25,agent
c081,2026-09-15,South,harbor-hound,meet,2026-09-15 14:25,yes,2026-09-15 15:14,agent
c082,2026-09-15,West,coral-cove-swim,whatsapp,2026-09-15 14:55,no,,
c083,2026-09-15,South,maple-mornings,phone,2026-09-15 15:35,no,,
c084,2026-09-15,West,loop-athletic,meet,2026-09-15 16:26,yes,2026-09-15 17:21,agent
c085,2026-09-16,East,saltwater-swim,meet,2026-09-16 09:50,yes,2026-09-16 10:02,AM
c086,2026-09-16,South,juniper-home,meet,2026-09-16 10:05,yes,2026-09-16 11:25,agent
c087,2026-09-16,West,nova-nutrition,whatsapp,2026-09-16 10:20,no,,
c088,2026-09-16,East,saltwater-swim,meet,2026-09-16 10:50,yes,2026-09-16 11:17,AM
c089,2026-09-16,South,maple-mornings,meet,2026-09-16 12:55,yes,2026-09-16 14:09,agent
c090,2026-09-16,West,sunday-scoop,whatsapp,2026-09-16 13:35,no,,
c091,2026-09-16,North,fernhill-botanicals,meet,2026-09-16 14:30,yes,2026-09-16 15:18,agent
c092,2026-09-16,North,quill-coffee,meet,2026-09-16 16:10,yes,2026-09-16 16:21,AM
c093,2026-09-17,North,quill-coffee,phone,2026-09-17 09:20,no,,
c094,2026-09-17,West,nova-nutrition,whatsapp,2026-09-17 10:05,no,,
c095,2026-09-17,North,ridgeway-outdoor,meet,2026-09-17 10:30,yes,2026-09-17 10:50,AM
c096,2026-09-17,South,kettle-and-crumb,meet,2026-09-17 10:30,yes,2026-09-17 11:50,agent
c097,2026-09-17,North,palm-street-tea,meet,2026-09-17 10:45,yes,2026-09-17 11:06,AM
c098,2026-09-17,South,juniper-home,meet,2026-09-17 11:00,yes,2026-09-17 11:58,agent
c099,2026-09-17,East,velvet-row,meet,2026-09-17 11:30,yes,2026-09-17 11:54,AM
c100,2026-09-17,South,golden-hour-cosmetics,phone,2026-09-17 13:00,no,,
c101,2026-09-17,East,willow-baby,meet,2026-09-17 14:25,yes,2026-09-17 14:44,AM
c102,2026-09-18,West,coral-cove-swim,meet,2026-09-18 10:25,yes,2026-09-18 11:36,agent
c103,2026-09-18,West,coral-cove-swim,whatsapp,2026-09-18 10:40,no,,
c104,2026-09-18,North,palm-street-tea,meet,2026-09-18 11:00,yes,2026-09-18 11:16,AM
c105,2026-09-18,North,fernhill-botanicals,meet,2026-09-18 11:40,yes,2026-09-18 11:59,AM
c106,2026-09-18,East,tidepool-toys,meet,2026-09-18 13:05,yes,2026-09-18 13:22,AM
c107,2026-09-18,South,golden-hour-cosmetics,meet,2026-09-18 14:55,yes,2026-09-18 16:04,agent
c108,2026-09-18,South,harbor-hound,meet,2026-09-18 15:15,yes,2026-09-18 16:02,agent
c109,2026-09-21,West,nova-nutrition,whatsapp,2026-09-21 10:55,no,,
c110,2026-09-21,East,saltwater-swim,meet,2026-09-21 11:45,yes,2026-09-21 12:09,AM
c111,2026-09-21,North,fernhill-botanicals,meet,2026-09-21 12:10,yes,2026-09-21 12:21,AM
c112,2026-09-21,West,sunday-scoop,whatsapp,2026-09-21 12:40,no,,
c113,2026-09-21,South,juniper-home,meet,2026-09-21 15:20,yes,2026-09-21 16:45,agent
c114,2026-09-21,North,quill-coffee,meet,2026-09-21 15:25,yes,2026-09-21 15:47,AM
c115,2026-09-21,South,maple-mornings,meet,2026-09-21 16:00,yes,2026-09-21 16:51,agent
c116,2026-09-21,East,saltwater-swim,meet,2026-09-21 16:05,yes,2026-09-21 16:21,AM
c117,2026-09-22,South,kettle-and-crumb,meet,2026-09-22 09:31,yes,,
c118,2026-09-22,East,saltwater-swim,meet,2026-09-22 10:00,yes,2026-09-22 10:18,AM
c119,2026-09-22,North,quill-coffee,meet,2026-09-22 10:55,yes,2026-09-22 11:13,AM
c120,2026-09-22,West,loop-athletic,whatsapp,2026-09-22 11:35,no,,
c121,2026-09-22,South,golden-hour-cosmetics,meet,2026-09-22 11:45,yes,2026-09-22 12:56,agent
c122,2026-09-22,East,velvet-row,meet,2026-09-22 14:35,yes,2026-09-22 15:30,agent
c123,2026-09-22,North,quill-coffee,meet,2026-09-22 15:05,yes,2026-09-22 15:19,AM
c124,2026-09-22,South,golden-hour-cosmetics,meet,2026-09-22 15:30,yes,2026-09-22 16:17,agent
c125,2026-09-22,North,quill-coffee,meet,2026-09-22 16:55,yes,2026-09-22 17:05,AM
c126,2026-09-23,South,juniper-home,meet,2026-09-23 09:20,yes,2026-09-23 10:13,agent
c127,2026-09-23,East,tidepool-toys,meet,2026-09-23 11:20,yes,2026-09-23 11:48,AM
c128,2026-09-23,South,harbor-hound,meet,2026-09-23 12:00,yes,2026-09-23 12:50,agent
c129,2026-09-23,West,pinecrest-apparel,whatsapp,2026-09-23 12:00,no,,
c130,2026-09-23,East,tidepool-toys,phone,2026-09-23 13:55,no,,
c131,2026-09-23,North,fernhill-botanicals,meet,2026-09-23 14:30,yes,2026-09-23 14:54,AM
c132,2026-09-23,North,oak-and-ember,meet,2026-09-23 15:55,yes,2026-09-23 16:18,AM
c133,2026-09-23,West,loop-athletic,whatsapp,2026-09-23 16:55,no,,
c134,2026-09-24,South,juniper-home,meet,2026-09-24 09:00,yes,2026-09-24 10:22,agent
c135,2026-09-24,North,oak-and-ember,meet,2026-09-24 09:20,yes,2026-09-24 09:38,AM
c136,2026-09-24,North,quill-coffee,meet,2026-09-24 09:35,yes,2026-09-24 09:52,AM
c137,2026-09-24,West,nova-nutrition,whatsapp,2026-09-24 12:20,no,,
c138,2026-09-24,East,saltwater-swim,meet,2026-09-24 14:00,yes,2026-09-24 14:11,AM
c139,2026-09-24,South,harbor-hound,meet,2026-09-24 14:30,yes,2026-09-24 15:47,agent
c140,2026-09-24,South,kettle-and-crumb,meet,2026-09-24 14:44,yes,,
